Energy[keV], HPGe
10, 0.0000037947149397258674
11, 0.00004909611935993394
12, 0.00032772931723113255
13, 0.0013750005607126357
14, 0.004132679848451894
15, 0.009728163780587993
16, 0.019086797710041938
17, 0.03262871509573558
18, 0.05018861228352893
19, 0.07112922866372205
20, 0.09454260752145993
21, 0.11944594859097356
22, 0.14492431397968106
23, 0.17021107098774407
24, 0.19471742601154463
25, 0.21802833424635898
26, 0.23988028536783962
27, 0.2601320732033876
28, 0.27873533250249316
29, 0.29570834237907406
30, 0.31111445381212555
31, 0.3250452663131571
32, 0.33760806686857925
33, 0.34891681073706093
34, 0.3590858981659226
35, 0.36822607553906345
36, 0.37644190109033027
37, 0.3838303308085066
38, 0.39048008398024214
39, 0.39647153437314836
40, 0.4018769418879503
41, 0.40676089246954816
42, 0.41118085383065195
43, 0.4151877838148647
44, 0.4188267494148327
45, 0.42213752955922584
46, 0.4251551853722987
47, 0.42791058891076167
48, 0.43043090631482217
49, 0.4327400345563679
50, 0.4348589930279697
51, 0.43680627245458015
52, 0.4385981442859521
53, 0.4402489340273094
54, 0.4417712620191598
55, 0.4431762550754244
56, 0.44447373219506175
57, 0.44567236731861054
58, 0.4467798318360111
59, 0.44780291928414745
60, 0.4487476544132118
61, 0.4496193885571598
62, 0.45042288301869426
63, 0.45116238197488856
64, 0.4518416762258574
65, 0.452464158945059
66, 0.45303287444455104
67, 0.453550560840444
68, 0.45401968739119863
69, 0.4544424871827328
70, 0.4548209857480474
71, 0.4551570261337399
72, 0.45545229086012695
73, 0.45570832116448096
74, 0.4559265338670884
75, 0.4561082361564985
76, 0.4562546385526169
77, 0.45636686627348666
78, 0.4564459692030404
79, 0.456492930632257
80, 0.4565086749244981
81, 0.4564940742369648
82, 0.45644995441376235
83, 0.45637710015174626
84, 0.45627625952781037
85, 0.45614814796537695
86, 0.4559934517082929
87, 0.45581283086202423
88, 0.45560692205473563
89, 0.45537634076446687
90, 0.4551216833530267
91, 0.4548435288423285
92, 0.4545424404645956
93, 0.45421896701409076
94, 0.45387364402471947
95, 0.453506994794943
96, 0.45311953127888077
97, 0.45271175486023485
98, 0.45228415702368374
99, 0.4518372199366517
100, 0.45137141695282584
101, 0.45088721304743273
102, 0.4503850651930959
103, 0.44986542268404106
104, 0.4493287274154872
105, 0.44877541412423444
106, 0.4482059105957457
107, 0.4476206378423663
108, 0.44702001025676696
109, 0.4464044357441989
110, 0.4457743158366958
111, 0.4451300457919799
112, 0.4444720146794796
113, 0.44380060545555433
114, 0.4431161950297675
115, 0.4424191543237964
116, 0.4417098483243656
117, 0.4409886361314038
118, 0.4402558710024574
119, 0.43951190039425414
120, 0.43875706600218073
121, 0.4379917037983241
122, 0.4372161440686332
123, 0.4364307114496655
124, 0.435635724965311
125, 0.4348314980638171
126, 0.4340183386553816
127, 0.43319654915052586
128, 0.4323664264994239
129, 0.43152826223231444
130, 0.43068234250109716
131, 0.429828948122182
132, 0.4289683546206366
133, 0.42810083227565343
134, 0.427226646167344
135, 0.42634605622484567
136, 0.4254593172757207
137, 0.42456667909661155
138, 0.42366838646510596
139, 0.4227646792127641
140, 0.42185579227924863
141, 0.42094195576749405
142, 0.4200233949998524
143, 0.4191003305751447
144, 0.41817297842654666
145, 0.417241549880244
146, 0.4163062517147739
147, 0.41536728622099284
148, 0.4144248512625919
149, 0.4134791403370902
150, 0.4125303426372422
151, 0.4115786431127832
152, 0.4106242225324554
153, 0.40966725754624395
154, 0.4087079207477662
155, 0.407746380736751
156, 0.4067828021815523
157, 0.40581734588164187
158, 0.40485016883002745
159, 0.40388142427554946
160, 0.40291126178500264
161, 0.4019398273050423
162, 0.4009672632238312
163, 0.3999937084323829
164, 0.39901929838556904
165, 0.3980441651627483
166, 0.3970684375279877
167, 0.3960922409898438
168, 0.39511569786067097
169, 0.3941389273154331
170, 0.39316204544999156
171, 0.3921851653388463
172, 0.3912083970923055
173, 0.39023184791306814
174, 0.3892556221521992
175, 0.3882798213644777
176, 0.3873045443631087
177, 0.3863298872737786
178, 0.3853559435880489
179, 0.38438280421606996
180, 0.38341055753861103
181, 0.3824392894583953
182, 0.3814690834507336
183, 0.3805000206134511
184, 0.3795321797161012
185, 0.37856563724846287
186, 0.37760046746831843
187, 0.3766367424485113
188, 0.3756745321232783
189, 0.37471390433386037
190, 0.3737549248733901
191, 0.37279765753105676
192, 0.3718421641355497
193, 0.37088850459778583
194, 0.36993673695291895
195, 0.3689869174016395
196, 0.36803910035076304
197, 0.3670933384531178
198, 0.3661496826467304
199, 0.36520818219331874
200, 0.36426888471609675
201, 0.36333183623689547
202, 0.3623970812126073
203, 0.36146466257096216
204, 0.36053462174563766
205, 0.3596069987107148
206, 0.3586818320144849
207, 0.3577591588126127
208, 0.3568390149006671
209, 0.3559214347460247
210, 0.3550064515191556
211, 0.3540940971242969
212, 0.3531844022295258
213, 0.3522773962962368
214, 0.3513731076080338
215, 0.35047156329904366
216, 0.3495727893816617
217, 0.34867681077373475
218, 0.3477836513251932
219, 0.3468933338441372
220, 0.34600588012239003
221, 0.34512131096052145
222, 0.344239646192354
223, 0.34336090470895947
224, 0.3424851044821523
225, 0.34161226258749017
226, 0.3407423952267903
227, 0.3398755177501673
228, 0.33901164467760375
229, 0.3381507897200595
230, 0.3372929658001298
231, 0.3364381850722585
232, 0.3355864589425139
233, 0.334737798087939
234, 0.33389221247547773
235, 0.3330497113804926
236, 0.3322103034048727
237, 0.3313739964947473
238, 0.33054079795780844
239, 0.3297107144802507
240, 0.3288837521433364
241, 0.32805991643959065
242, 0.3272392122886379
243, 0.3264216440526837
244, 0.3256072155516479
245, 0.3247959300779598
246, 0.3239877904110185
247, 0.32318279883132583
248, 0.3223809571343018
249, 0.3215822666437818
250, 0.32078672822521
251, 0.3199943422985296
252, 0.3192051088507777
253, 0.31841902744839284
254, 0.3176360972492367
255, 0.3168563170143396
256, 0.3160796851193757
257, 0.3153061995658693
258, 0.314535857992144
259, 0.3137686576840134
260, 0.31300459558522437
261, 0.3122436683076562
262, 0.3114858721412789
263, 0.3107312030638768
264, 0.3099796567505471
265, 0.3092312285829687
266, 0.3084859136584545
267, 0.30774370679878926
268, 0.30700460255885537
269, 0.30626859523505473
270, 0.3055356788735275
271, 0.30480584727817667
272, 0.3040790940184965
273, 0.30335541243721653
274, 0.30263479565775797
275, 0.30191723659151143
276, 0.30120272794493863
277, 0.3004912622265
278, 0.29978283175341647
279, 0.29907742865826253
280, 0.298375044895402
281, 0.2976756722472635
282, 0.29697930233046227
283, 0.2962859266017717
284, 0.2955955363639473
285, 0.29490812277140616
286, 0.29422367683576617
287, 0.29354218943124627
288, 0.29286365129993436
289, 0.29218805305692047
290, 0.2915153851953049
291, 0.29084563809107616
292, 0.29017880200787094
293, 0.2895148671016103
294, 0.2888538234250194
295, 0.2881956609320334
296, 0.28754036948209044
297, 0.2868879388443147
298, 0.28623835870159337
299, 0.2855916186545481
300, 0.28494770822540466
301, 0.28430661686176306
302, 0.28366833394026836
303, 0.28303284877018886
304, 0.2824001505968982
305, 0.28177022860526885
306, 0.28114307192297505
307, 0.28051866962370975
308, 0.27989701073031553
309, 0.2792780842178354
310, 0.2786618790164785
311, 0.27804838401451015
312, 0.2774375880610628
313, 0.2768294799688727
314, 0.2762240485169418
315, 0.2756212824531276
316, 0.2750211704966644
317, 0.2744237013406142
318, 0.27382886365425013
319, 0.2732366460853767
320, 0.27264703726258405
321, 0.2720600257974405
322, 0.27147560028662376
323, 0.27089374931399424
324, 0.2703144614526071
325, 0.2697377252666708
326, 0.2691635293134479
327, 0.26859186214510383
328, 0.2680227123105005
329, 0.2674560683569405
330, 0.2668919188318599
331, 0.2663302522844714
332, 0.2657710572673615
333, 0.2652143223380386
334, 0.26466003606043687
335, 0.26410818700637495
336, 0.2635587637569715
337, 0.2630117549040178
338, 0.26246714905130913
339, 0.26192493481593604
340, 0.2613851008295355
341, 0.26084763573950415
342, 0.26031252821017353
343, 0.2597797669239484
344, 0.25924934058241095
345, 0.2587212379073869
346, 0.25819544764198155
347, 0.2576719585515786
348, 0.2571507594248097
349, 0.25663183907449105
350, 0.2561151863385283
351, 0.2556007900807932
352, 0.2550886391919701
353, 0.25457872259037295
354, 0.2540710292227356
355, 0.25356554806497444
356, 0.2530622681229246
357, 0.2525611784330498
358, 0.2520622680631272
359, 0.25156552611290833
360, 0.2510709417147549
361, 0.25057850403425175
362, 0.25008820227079676
363, 0.24960002565816922
364, 0.24911396346507556
365, 0.24863000499567467
366, 0.2481481395900818
367, 0.2476683566248532
368, 0.24719064551345138
369, 0.24671499570668995
370, 0.2462413966931612
371, 0.24576983799964475
372, 0.24530030919149948
373, 0.24483279987303727
374, 0.24436729968788048
375, 0.24390379831930328
376, 0.24344228549055585
377, 0.24298275096517605
378, 0.24252518454728184
379, 0.242069576081853
380, 0.24161591545499567
381, 0.24116419259419444
382, 0.2407143974685512
383, 0.24026652008900864
384, 0.23982055050856368
385, 0.2393764788224667
386, 0.23893429516840886
387, 0.2384939897266974
388, 0.23805555272042045
389, 0.2376189744155993
390, 0.23718424512133052
391, 0.23675135518991716
392, 0.2363202950169903
393, 0.23589105504161864
394, 0.23546362574641125
395, 0.2350379976576079
396, 0.23461416134516236
397, 0.23419210742281554
398, 0.2337718265481596
399, 0.23335330942269517
400, 0.23293654679187875
401, 0.23252152944516197
402, 0.23210824821602527
403, 0.23169669398200116
404, 0.23128685766469154
405, 0.2308787302297788
406, 0.23047230268702734
407, 0.23006756609028164
408, 0.22966451153745465
409, 0.22926313017051236
410, 0.22886341317545075
411, 0.2284653517822671
412, 0.22806893726492516
413, 0.22767416094131648
414, 0.22728101417321347
415, 0.22688948836621925
416, 0.2264995749697116
417, 0.22611126547678256
418, 0.22572455142417203
419, 0.22533942439219806
420, 0.22495587600468128
421, 0.22457389792886628
422, 0.224193481875338
423, 0.2238146195979345
424, 0.22343730289365396
425, 0.22306152360256168
426, 0.22268727360768914
427, 0.22231454483493204
428, 0.22194332925294424
429, 0.22157361887302784
430, 0.22120540574902123
431, 0.22083868197718298
432, 0.2204734396960722
433, 0.22010967108642868
434, 0.21974736837104614
435, 0.21938652381464663
436, 0.21902712972375016
437, 0.21866917844654216
438, 0.21831266237273902
439, 0.217957573933451
440, 0.21760390560104273
441, 0.2172516498889917
442, 0.21690079935174533
443, 0.21655134658457487
444, 0.21620328422342794
445, 0.21585660494477998
446, 0.2155113014654828
447, 0.21516736654261187
448, 0.2148247929733124
449, 0.21448357359464332
450, 0.21414370128342053
451, 0.21380516895605745
452, 0.21346796956840608
453, 0.21313209611559517
454, 0.21279754163186781
455, 0.21246429919041826
456, 0.21213236190322693
457, 0.21180172292089522
458, 0.2114723754324785
459, 0.21114431266531863
460, 0.21081752788487562
461, 0.21049201439455867
462, 0.21016776553555575
463, 0.20984477468666307
464, 0.2095230352641141
465, 0.20920254072140737
466, 0.2088832845491332
467, 0.20856526027480193
468, 0.2082484614626699
469, 0.2079328817135647
470, 0.20761851466471157
471, 0.2073053539895585
472, 0.2069933933976008
473, 0.206682626634206
474, 0.20637304748043792
475, 0.20606464975288125
476, 0.20575742730346475
477, 0.2054513740192857
478, 0.20514648382243328
479, 0.20484275066981192
480, 0.2045401685529648
481, 0.20423873149789787
482, 0.20393843356490285
483, 0.20363926884838035
484, 0.20334123147666394
485, 0.20304431561184402
486, 0.2027485154495906
487, 0.2024538252189775
488, 0.20216023918230686
489, 0.20186775163493254
490, 0.2015763569050847
491, 0.20128604935369462
492, 0.2009968233742191
493, 0.20070867339246573
494, 0.20042159386641797
495, 0.20013557928606146
496, 0.19985062417320887
497, 0.19956672308132697
498, 0.19928387059536323
499, 0.199002061331572
500, 0.19872128993734317
501, 0.19844155109102868
502, 0.19816283950177158
503, 0.1978851499093341
504, 0.19760847708392715
505, 0.19733281582603923
506, 0.1970581609662671
507, 0.1967845073651458
508, 0.1965118499129795
509, 0.1962401835296735
510, 0.19596950316456554
511, 0.1956998037962589
512, 0.19543108043245516
513, 0.1951633281097876
514, 0.1948965418936559
515, 0.1946307168780605
516, 0.1943658481854379
517, 0.19410193096649653
518, 0.19383896040005355
519, 0.1935769316928715
520, 0.19331584007949654
521, 0.19305568082209623
522, 0.19279644921029887
523, 0.19253814056103297
524, 0.19228075021836732
525, 0.19202427355335205
526, 0.19176870596386014
527, 0.19151404287442952
528, 0.19126027973610618
529, 0.191007412026287
530, 0.19075543524856467
531, 0.1905043449325724
532, 0.19025413663382906
533, 0.19000480593358599
534, 0.18975634843867323
535, 0.18950875978134799
536, 0.189262035619142
537, 0.1890161716347113
538, 0.18877116353568568
539, 0.18852700705451894
540, 0.1882836979483404
541, 0.1880412319988064
542, 0.18779960501195242
543, 0.18755881281804776
544, 0.18731885127144826
545, 0.1870797162504513
546, 0.1868414036571513
547, 0.18660390941729627
548, 0.18636722948014392
549, 0.18613135981831977
550, 0.18589629642767538
551, 0.1856620353271473
552, 0.18542857255861722
553, 0.1851959041867715
554, 0.1849640262989639
555, 0.1847329350050761
556, 0.18450262643738136
557, 0.18427309675040732
558, 0.18404434212080079
559, 0.1838163587471917
560, 0.1835891428500599
561, 0.18336269067160044
562, 0.18313699847559095
563, 0.18291206254725997
564, 0.18268787919315466
565, 0.18246444474101053
566, 0.18224175553962116
567, 0.1820198079587092
568, 0.18179859838879708
569, 0.18157812324108036
570, 0.18135837894729906
571, 0.18113936195961278
572, 0.18092106875047356
573, 0.1807034958125018
574, 0.1804866396583618
575, 0.1802704968206381
576, 0.18005506385171233
577, 0.17984033732364152
578, 0.1796263138280366
579, 0.17941298997594124
580, 0.17920036239771234
581, 0.17898842774290052
582, 0.17877718268013087
583, 0.17856662389698644
584, 0.17835674809988927
585, 0.17814755201398522
586, 0.17793903238302755
587, 0.1777311859692613
588, 0.17752400955330983
589, 0.17731749993406032
590, 0.17711165392855055
591, 0.1769064683718569
592, 0.1767019401169825
593, 0.1764980660347458
594, 0.17629484301367054
595, 0.17609226795987581
596, 0.17589033779696714
597, 0.17568904946592745
598, 0.17548839992501053
599, 0.17528838614963244
600, 0.17508900513226633
601, 0.174890253882336
602, 0.17469212942611081
603, 0.17449462880660138
604, 0.17429774908345558
605, 0.17410148733285538
606, 0.17390584064741432
607, 0.17371080613607526
608, 0.17351638092400984
609, 0.173322562152517
610, 0.173129346978923
611, 0.17293673257648293
612, 0.1727447161342807
613, 0.17255329485713142
614, 0.17236246596548413
615, 0.17217222669532414
616, 0.17198257429807734
617, 0.17179350604051416
618, 0.17160501920465446
619, 0.17141711108767277
620, 0.17122977900180492
621, 0.1710430202742543
622, 0.1708568322470991
623, 0.1706712122772001
624, 0.17048615773610948
625, 0.17030166600997937
626, 0.1701177344994716
627, 0.169934360619668
628, 0.16975154179998098
629, 0.1695692754840647
630, 0.1693875591297274
631, 0.16920639020884315
632, 0.16902576620726542
633, 0.16884568462474053
634, 0.1686661429748213
635, 0.16848713878478225
636, 0.16830866959553464
637, 0.16813073296154213
638, 0.16795332645073693
639, 0.16777644764443705
640, 0.16760009413726312
641, 0.1674242635370569
642, 0.16724895346479912
643, 0.1670741615545288
644, 0.1668998854532625
645, 0.1667261228209147
646, 0.16655287133021768
647, 0.1663801286666431
648, 0.16620789252832344
649, 0.16603616062597354
650, 0.16586493068281408
651, 0.16569420043449362
652, 0.16552396762901309
653, 0.16535423002664906
654, 0.1651849853998787
655, 0.16501623153330486
656, 0.16484796622358117
657, 0.16468018727933859
658, 0.16451289252111176
659, 0.16434607978126536
660, 0.1641797469039225
661, 0.16401389174489178
662, 0.1638485121715966
663, 0.16368360606300286
664, 0.1635191713095492
665, 0.16335520581307658
666, 0.16319170748675815
667, 0.16302867425503031
668, 0.1628661040535237
669, 0.16270399482899467
670, 0.16254234453925803
671, 0.16238115115311824
672, 0.16222041265030357
673, 0.16206012702139877
674, 0.1619002922677791
675, 0.16174090640154448
676, 0.16158196744545433
677, 0.16142347343286256
678, 0.16126542240765274
679, 0.1611078124241746
680, 0.16095064154718022
681, 0.16079390785176065
682, 0.16063760942328292
683, 0.16048174435732837
684, 0.16032631075962978
685, 0.16017130674601032
686, 0.16001673044232229
687, 0.1598625799843863
688, 0.15970885351793074
689, 0.15955554919853204
690, 0.15940266519155502
691, 0.15925019967209322
692, 0.15909815082491116
693, 0.15894651684438468
694, 0.15879529593444364
695, 0.15864448630851424
696, 0.15849408618946118
697, 0.15834409380953168
698, 0.15819450741029772
699, 0.15804532524260115
700, 0.1578965455664969
701, 0.15774816665119792
702, 0.1576001867750204
703, 0.15745260422532842
704, 0.15730541729848038
705, 0.157158624299774
706, 0.15701222354339373
707, 0.15686621335235665
708, 0.15672059205846012
709, 0.15657535800222877
710, 0.1564305095328622
711, 0.15628604500818377
712, 0.15614196279458797
713, 0.15599826126699
714, 0.15585493880877482
715, 0.155711993811746
716, 0.15556942467607593
717, 0.15542722981025606
718, 0.15528540763104695
719, 0.15514395656342922
720, 0.15500287504055466
721, 0.1548621615036973
722, 0.15472181440220567
723, 0.15458183219345412
724, 0.15444221334279598
725, 0.15430295632351532
726, 0.1541640596167806
727, 0.1540255217115976
728, 0.1538873411047632
729, 0.1537495163008188
730, 0.1536120458120051
731, 0.15347492815821623
732, 0.15333816186695426
733, 0.15320174547328494
734, 0.1530656775197926
735, 0.15292995655653566
736, 0.15279458114100294
737, 0.15265954983806976
738, 0.15252486121995418
739, 0.15239051386617422
740, 0.15225650636350452
741, 0.15212283730593407
742, 0.1519895052946235
743, 0.15185650893786334
744, 0.1517238468510318
745, 0.1515915176565533
746, 0.15145951998385765
747, 0.15132785246933822
748, 0.15119651375631205
749, 0.15106550249497885
750, 0.15093481734238068
751, 0.15080445696236233
752, 0.15067442002553144
753, 0.15054470520921925
754, 0.1504153111974411
755, 0.15028623668085758
756, 0.15015748035673612
757, 0.15002904092891214
758, 0.14990091710775116
759, 0.14977310761011087
760, 0.1496456111593029
761, 0.1495184264850564
762, 0.14939155232347984
763, 0.14926498741702462
764, 0.1491387305144479
765, 0.14901278037077653
766, 0.1488871357472708
767, 0.14876179541138781
768, 0.1486367581367463
769, 0.14851202270309094
770, 0.14838758789625706
771, 0.148263452508135
772, 0.1481396153366359
773, 0.1480160751856569
774, 0.14789283086504648
775, 0.14776988119057027
776, 0.14764722498387722
777, 0.14752486107246582
778, 0.14740278828965034
779, 0.1472810054745277
780, 0.14715951147194423
781, 0.1470383051324627
782, 0.14691738531232995
783, 0.14679675087344385
784, 0.1466764006833211
785, 0.1465563336150659
786, 0.1464365485473371
787, 0.14631704436431692
788, 0.14619781995567968
789, 0.14607887421656007
790, 0.14596020604752255
791, 0.1458418143545301
792, 0.1457236980489138
793, 0.1456058560473422
794, 0.14548828727179078
795, 0.14537099064951275
796, 0.14525396511300792
797, 0.14513720959999393
798, 0.14502072305337632
799, 0.14490450442121927
800, 0.14478855265671622
801, 0.14467286671816132
802, 0.14455744556892045
803, 0.1444422881774025
804, 0.14432739351703097
805, 0.14421276056621601
806, 0.14409838830832605
807, 0.1439842757316598
808, 0.1438704218294192
809, 0.14375682559968095
810, 0.14364348604536994
811, 0.14353040217423155
812, 0.14341757299880506
813, 0.14330499753639644
814, 0.1431926748090517
815, 0.14308060384353052
816, 0.14296878367128024
817, 0.14285721332840867
818, 0.1427458918556592
819, 0.14263481829838418
820, 0.1425239917065197
821, 0.14241341113455988
822, 0.14230307564153127
823, 0.14219298429096813
824, 0.14208313615088689
825, 0.1419735302937618
826, 0.14186416579649935
827, 0.1417550417404148
828, 0.14164615721120682
829, 0.14153751129893344
830, 0.14142910309798848
831, 0.1413209317070766
832, 0.14121299622919048
833, 0.1411052957715863
834, 0.14099782944576086
835, 0.1408905963674276
836, 0.140783595656494
837, 0.140676826437038
838, 0.14057028783728504
839, 0.1404639789895858
840, 0.1403578990303927
841, 0.14025204710023825
842, 0.14014642234371194
843, 0.1400410239094385
844, 0.13993585095005537
845, 0.1398309026221912
846, 0.13972617808644353
847, 0.13962167650735727
848, 0.13951739705340338
849, 0.13941333889695712
850, 0.13930950121427696
851, 0.13920588318548285
852, 0.1391024839945364
853, 0.13899930282921827
854, 0.1388963388811091
855, 0.13879359134556787
856, 0.13869105942171117
857, 0.1385887423123936
858, 0.138486639224187
859, 0.13838474936736023
860, 0.13828307195585973
861, 0.13818160620728848
862, 0.13808035134288751
863, 0.1379793065875153
864, 0.1378784711696289
865, 0.13777784432126378
866, 0.13767742527801521
867, 0.13757721327901873
868, 0.13747720756693108
869, 0.13737740738791138
870, 0.1372778119916022
871, 0.1371784206311109
872, 0.13707923256299076
873, 0.1369802470472229
874, 0.13688146334719756
875, 0.13678288072969616
876, 0.13668449846487277
877, 0.1365863158262363
878, 0.13648833209063238
879, 0.13639054653822577
880, 0.1362929584524824
881, 0.13619556712015174
882, 0.13609837183124976
883, 0.1360013718790408
884, 0.13590456656002073
885, 0.13580795517389965
886, 0.13571153702358496
887, 0.13561531141516397
888, 0.13551927765788738
889, 0.13542343506415241
890, 0.1353277829494858
891, 0.13523232063252805
892, 0.1351370474350157
893, 0.13504196268176608
894, 0.13494706570066056
895, 0.13485235582262817
896, 0.13475783238162986
897, 0.1346634947146423
898, 0.134569342161642
899, 0.13447537406558974
900, 0.13438158977241424
901, 0.13428798863099736
902, 0.13419456999315804
903, 0.134101333213637
904, 0.13400827765008141
905, 0.13391540266302962
906, 0.13382270761589596
907, 0.133730191874956
908, 0.13363785480933085
909, 0.13354569579097328
910, 0.13345371419465205
911, 0.1333619093979374
912, 0.13327028078118705
913, 0.13317882772753042
914, 0.13308754962285568
915, 0.13299644585579393
916, 0.1329055158177063
917, 0.13281475890266842
918, 0.13272417450745738
919, 0.13263376203153707
920, 0.13254352087704446
921, 0.13245345044877593
922, 0.13236355015417295
923, 0.13227381940330887
924, 0.13218425760887498
925, 0.1320948641861675
926, 0.1320056385530731
927, 0.13191658013005672
928, 0.13182768834014744
929, 0.1317389626089256
930, 0.13165040236450942
931, 0.13156200703754223
932, 0.13147377606117952
933, 0.13138570887107515
934, 0.13129780490536982
935, 0.1312100636046774
936, 0.13112248441207278
937, 0.13103506677307847
938, 0.13094781013565276
939, 0.13086071395017723
940, 0.13077377766944395
941, 0.13068700074864367
942, 0.13060038264535279
943, 0.13051392281952182
944, 0.13042762073346342
945, 0.1303414758518395
946, 0.13025548764165024
947, 0.13016965557222135
948, 0.13008397911519284
949, 0.12999845774450697
950, 0.12991309093639639
951, 0.1298278781693731
952, 0.12974281892421627
953, 0.12965791268396065
954, 0.1295731589338862
955, 0.12948855716150545
956, 0.129404106856553
957, 0.12931980751097366
958, 0.12923565861891198
959, 0.12915165967670084
960, 0.12906781018285002
961, 0.12898410963803608
962, 0.12890055754509058
963, 0.1288171534089897
964, 0.12873389673684318
965, 0.12865078703788402
966, 0.12856782382345752
967, 0.12848500660701034
968, 0.1284023349040809
969, 0.12831980823228764
970, 0.1282374261113198
971, 0.12815518806292628
972, 0.1280730936109058
973, 0.1279911422810959
974, 0.1279093336013636
975, 0.12782766710159532
976, 0.12774614231368564
977, 0.12766475877152855
978, 0.1275835160110069
979, 0.1275024135699829
980, 0.1274214509882873
981, 0.12734062780771083
982, 0.12725994357199383
983, 0.12717939782681645
984, 0.1270989901197893
985, 0.1270187200004438
986, 0.12693858702022287
987, 0.12685859073247094
988, 0.12677873069242485
989, 0.12669900645720475
990, 0.12661941758580458
991, 0.1265399636390822
992, 0.12646064417975159
993, 0.12638145877237206
994, 0.12630240698334086
995, 0.12622348838088218
996, 0.12614470253504018
997, 0.12606604901766857
998, 0.12598752740242233
999, 0.12590913726474876
1000, 0.12583087818187874
1001, 0.12575274973281786
1002, 0.12567475149833768
1003, 0.1255968830609676
1004, 0.12551914400498546
1005, 0.1254415339164093
1006, 0.1253640523829894
1007, 0.1252866989941987
1008, 0.12520947334122587
1009, 0.12513237501696534
1010, 0.12505540361600995
1011, 0.12497855873464278
1012, 0.12490183997082849
1013, 0.12482524692420525
1014, 0.1247487791960765
1015, 0.12467243638940305
1016, 0.12459621810879531
1017, 0.12452012396050455
1018, 0.12444415355241549
1019, 0.12436830649403822
1020, 0.12429258239650041
1021, 0.1242169808725395
1022, 0.12414150153649472
1023, 0.12406614400429966
1024, 0.12399090789347406
1025, 0.12391579282311681
1026, 0.12384079841389804
1027, 0.1237659242880513
1028, 0.1236911700693664
1029, 0.12361653538318167
1030, 0.12354201985637675
1031, 0.12346762311736524
1032, 0.12339334479608685
1033, 0.12331918452400027
1034, 0.12324514193407636
1035, 0.12317121666079037
1036, 0.12309740834011483
1037, 0.12302371660951276
1038, 0.12295014110792991
1039, 0.12287668147578806
1040, 0.12280333735497809
1041, 0.12273010838885261
1042, 0.12265699422221922
1043, 0.1225839945013337
1044, 0.12251110887389265
1045, 0.122438336989027
1046, 0.12236567849729525
1047, 0.12229313305067652
1048, 0.12222070030256366
1049, 0.12214837990775665
1050, 0.1220761715224564
1051, 0.12200407480425703
1052, 0.12193208941214057
1053, 0.12186021500646918
1054, 0.12178845124897976
1055, 0.12171679780277614
1056, 0.12164525433232405
1057, 0.12157382050344337
1058, 0.12150249598330293
1059, 0.12143128044041306
1060, 0.12136017354462016
1061, 0.12128917496709989
1062, 0.12121828438035089
1063, 0.12114750145818895
1064, 0.12107682587574027
1065, 0.1210062573094363
1066, 0.12093579543700593
1067, 0.12086543993747118
1068, 0.12079519049114026
1069, 0.12072504677960129
1070, 0.12065500848571681
1071, 0.12058507529361794
1072, 0.12051524688869782
1073, 0.1204455229576061
1074, 0.1203759031882434
1075, 0.1203063872697548
1076, 0.12023697489252425
1077, 0.12016766574816923
1078, 0.12009845952953442
1079, 0.12002935593068614
1080, 0.11996035464690732
1081, 0.11989145537469052
1082, 0.11982265781173371
1083, 0.11975396165693358
1084, 0.11968536661038082
1085, 0.11961687237335404
1086, 0.11954847864831422
1087, 0.11948018513889995
1088, 0.11941199154992094
1089, 0.11934389758735331
1090, 0.11927590295833457
1091, 0.11920800737115661
1092, 0.11914021053526244
1093, 0.11907251216123967
1094, 0.11900491196081515
1095, 0.11893740964685041
1096, 0.11887000493333592
1097, 0.11880269753538622
1098, 0.1187354871692343
1099, 0.11866837355222701
1100, 0.11860135640281959
1101, 0.11853443544057056
1102, 0.1184676103861369
1103, 0.11840088096126909
1104, 0.11833424688880545
1105, 0.11826770789266795
1106, 0.11820126369785676
1107, 0.11813491403044554
1108, 0.11806865861757658
1109, 0.11800249718745566
1110, 0.11793642946934738
1111, 0.11787045519357017
1112, 0.11780457409149198
1113, 0.11773878589552494
1114, 0.11767309033912059
1115, 0.11760748715676596
1116, 0.11754197608397754
1117, 0.11747655685729787
1118, 0.11741122921429013
1119, 0.11734599289353397
1120, 0.11728084763462021
1121, 0.11721579317814718
1122, 0.11715082926571538
1123, 0.11708595563992355
1124, 0.11702117204436345
1125, 0.11695647822361614
1126, 0.11689187392324701
1127, 0.11682735888980159
1128, 0.11676293287080082
1129, 0.11669859561473675
1130, 0.11663434687106902
1131, 0.11657018639021868
1132, 0.11650611392356557
1133, 0.11644212922344348
1134, 0.11637823204313537
1135, 0.11631442213686961
1136, 0.11625069925981586
1137, 0.1161870631680802
1138, 0.1161235136187018
1139, 0.11606005036964769
1140, 0.11599667317980968
1141, 0.1159333818089997
1142, 0.11587017601794541
1143, 0.11580705556828676
1144, 0.11574402022257138
1145, 0.11568106974425073
1146, 0.11561820389767621
1147, 0.11555542244809468
1148, 0.11549272516164534
1149, 0.11543011180535451
1150, 0.1153675821471329
1151, 0.11530513595577092
1152, 0.11524277300093516
1153, 0.11518049305316423
1154, 0.11511829588386499
1155, 0.11505618126530887
1156, 0.11499414897062751
1157, 0.11493219877380989
1158, 0.11487033044969758
1159, 0.11480854377398114
1160, 0.1147468385231971
1161, 0.11468521447472345
1162, 0.11462367140677604
1163, 0.11456220909840518
1164, 0.11450082732949181
1165, 0.11443952588074363
1166, 0.11437830453369185
1167, 0.11431716307068722
1168, 0.11425610127489667
1169, 0.1141951189302996
1170, 0.11413421582168405
1171, 0.11407339173464383
1172, 0.11401264645557443
1173, 0.1139519797716693
1174, 0.11389139147091723
1175, 0.11383088134209803
1176, 0.11377044917477941
1177, 0.11371009475931358
1178, 0.11364981788683338
1179, 0.1135896183492496
1180, 0.1135294959392472
1181, 0.11346945045028158
1182, 0.11340948167657577
1183, 0.11334958941311701
1184, 0.11328977345565285
1185, 0.11323003360068884
1186, 0.11317036964548413
1187, 0.11311078138804914
1188, 0.11305126862714146
1189, 0.11299183116226358
1190, 0.11293246879365842
1191, 0.1128731813223073
1192, 0.1128139685499259
1193, 0.11275483027896176
1194, 0.1126957663125903
1195, 0.11263677645471254
1196, 0.11257786050995122
1197, 0.11251901828364812
1198, 0.11246024958186102
1199, 0.11240155421135999
1200, 0.11234293197962511
1201, 0.11228438269484298
1202, 0.11222590616590337
1203, 0.11216750220239728
1204, 0.11210917061461238
1205, 0.11205091121353135
1206, 0.11199272381082813
1207, 0.11193460821886529
1208, 0.11187656425069098
1209, 0.11181859172003575
1210, 0.11176069044131012
1211, 0.11170286022960135
1212, 0.11164510090067024
1213, 0.11158741227094891
1214, 0.11152979415753742
1215, 0.11147224637820138
1216, 0.11141476875136835
1217, 0.11135736109612583
1218, 0.11130002323221777
1219, 0.11124275498004235
1220, 0.11118555616064867
1221, 0.11112842659573463
1222, 0.11107136610764316
1223, 0.11101437451936061
1224, 0.11095745165451316
1225, 0.11090059733736432
1226, 0.1108438113928126
1227, 0.11078709364638842
1228, 0.11073044392425127
1229, 0.11067386205318762
1230, 0.11061734786060781
1231, 0.11056090117454344
1232, 0.11050452182364501
1233, 0.1104482096371788
1234, 0.11039196444502504
1235, 0.1103357860776743
1236, 0.11027967436622609
1237, 0.11022362914238504
1238, 0.11016765023845929
1239, 0.11011173748735749
1240, 0.11005589072258662
1241, 0.110000109778249
1242, 0.10994439448904005
1243, 0.1098887446902458
1244, 0.10983316021774044
1245, 0.10977764090798375
1246, 0.10972218659801845
1247, 0.10966679712546826
1248, 0.10961147232853514
1249, 0.10955621204599655
1250, 0.10950101611720375
1251, 0.1094458843820789
1252, 0.10939081668111271
1253, 0.10933581285536234
1254, 0.10928087274644842
1255, 0.1092259961965536
1256, 0.10917118304841932
1257, 0.109116433145344
1258, 0.10906174633118079
1259, 0.10900712245033453
1260, 0.10895256134776041
1261, 0.1088980628689612
1262, 0.10884362685998454
1263, 0.1087892531674216
1264, 0.10873494163840422
1265, 0.10868069212060275
1266, 0.10862650446222377
1267, 0.10857237851200802
1268, 0.10851831411922812
1269, 0.10846431113368628
1270, 0.10841036940571223
1271, 0.10835648878616091
1272, 0.10830266912641033
1273, 0.10824891027835974
1274, 0.1081952120944267
1275, 0.10814157442754553
1276, 0.10808799713116533
1277, 0.10803448005924729
1278, 0.10798102306626287
1279, 0.10792762600719175
1280, 0.10787428873751981
1281, 0.10782101111323653
1282, 0.10776779299083353
1283, 0.10771463422730226
1284, 0.10766153468013195
1285, 0.10760849420730725
1286, 0.10755551266730697
1287, 0.10750258991910125
1288, 0.10744972582214996
1289, 0.10739692023640067
1290, 0.10734417302228627
1291, 0.10729148404072372
1292, 0.10723885315311142
1293, 0.10718628022132738
1294, 0.10713376510772751
1295, 0.10708130767514326
1296, 0.10702890778688003
1297, 0.10697656530671537
1298, 0.10692428009889628
1299, 0.10687205202813804
1300, 0.10681988095962225
1301, 0.10676776675899445
1302, 0.10671570929236257
1303, 0.10666370842629509
1304, 0.10661176402781922
1305, 0.10655987596441849
1306, 0.10650804410403161
1307, 0.1064562683150503
1308, 0.10640454846631722
1309, 0.10635288442712461
1310, 0.10630127606721203
1311, 0.10624972325676482
1312, 0.10619822586641253
1313, 0.10614678376722628
1314, 0.10609539683071777
1315, 0.10604406492883714
1316, 0.10599278793397154
1317, 0.10594156571894295
1318, 0.10589039815700624
1319, 0.10583928512184847
1320, 0.1057882264875858
1321, 0.10573722212876278
1322, 0.1056862719203501
1323, 0.1056353757377429
1324, 0.1055845334567596
1325, 0.10553374495363929
1326, 0.10548301010504085
1327, 0.10543232878804079
1328, 0.10538170088013177
1329, 0.10533112625922071
1330, 0.10528060480362757
1331, 0.10523013639208337
1332, 0.10517972090372844
1333, 0.10512935821811087
1334, 0.10507904821518527
1335, 0.10502879077531053
1336, 0.10497858577924855
1337, 0.10492843310816258
1338, 0.10487833264361557
1339, 0.10482828426756861
1340, 0.10477828786237936
1341, 0.1047283433108004
1342, 0.10467845049597774
1343, 0.10462860930144925
1344, 0.10457881961114279
1345, 0.1045290813093753
1346, 0.10447939428085051
1347, 0.10442975841065802
1348, 0.10438017358427157
1349, 0.10433063968754702
1350, 0.1042811566067218
1351, 0.10423172422841254
1352, 0.10418234243961388
1353, 0.10413301112769721
1354, 0.10408373018040863
1355, 0.1040344994858681
1356, 0.10398531893256752
1357, 0.10393618840936913
1358, 0.10388710780550464
1359, 0.10383807701057349
1360, 0.10378909591454086
1361, 0.10374016440773697
1362, 0.10369128238085562
1363, 0.10364244972495198
1364, 0.1035936663314421
1365, 0.10354493209210106
1366, 0.10349624689906121
1367, 0.1034476106448115
1368, 0.10339902322219552
1369, 0.10335048452441037
1370, 0.10330199444500497
1371, 0.10325355287787935
1372, 0.10320515971728236
1373, 0.10315681485781107
1374, 0.10310851819440885
1375, 0.10306026962236442
1376, 0.1030120690373102
1377, 0.10296391633522113
1378, 0.1029158114124136
1379, 0.10286775416554339
1380, 0.10281974449160489
1381, 0.10277178228792963
1382, 0.10272386745218512
1383, 0.1026759998823733
1384, 0.10262817947682935
1385, 0.10258040613422029
1386, 0.10253267975354396
1387, 0.10248500023412746
1388, 0.10243736747562567
1389, 0.10238978137802075
1390, 0.10234224184162001
1391, 0.10229474876705517
1392, 0.10224730205528092
1393, 0.10219990160757353
1394, 0.1021525473255299
1395, 0.10210523911106635
1396, 0.10205797686641677
1397, 0.10201076049413196
1398, 0.10196358989707846
1399, 0.10191646497843712
1400, 0.10186938564170174
1401, 0.10182235179067771
1402, 0.1017753633294818
1403, 0.10172842016253984
1404, 0.10168152219458598
1405, 0.10163466933066143
1406, 0.10158786147611346
1407, 0.10154109853659396
1408, 0.10149438041805839
1409, 0.10144770702676471
1410, 0.10140107826927172
1411, 0.10135449405243899
1412, 0.10130795428342432
1413, 0.10126145886968349
1414, 0.1012150077189691
1415, 0.10116860073932897
1416, 0.10112223783910532
1417, 0.1010759189269337
1418, 0.10102964391174153
1419, 0.10098341270274737
1420, 0.10093722520945968
1421, 0.1008910813416756
1422, 0.10084498100947958
1423, 0.10079892412324312
1424, 0.10075291059362285
1425, 0.10070694033155989
1426, 0.1006610132482785
1427, 0.10061512925528521
1428, 0.10056928826436765
1429, 0.10052349018759332
1430, 0.10047773493730894
1431, 0.10043202242613887
1432, 0.10038635256698464
1433, 0.10034072527302315
1434, 0.10029514045770652
1435, 0.10024959803475983
1436, 0.10020409791818174
1437, 0.10015864002224183
1438, 0.10011322426148049
1439, 0.1000678505507076
1440, 0.10002251880500185
1441, 0.09997722893970913
1442, 0.09993198087044168
1443, 0.09988677451307781
1444, 0.09984160978375994
1445, 0.09979648659889365
1446, 0.0997514048751478
1447, 0.09970636452945206
1448, 0.09966136547899693
1449, 0.09961640764123228
1450, 0.09957149093386677
1451, 0.09952661527486617
1452, 0.09948178058245333
1453, 0.0994369867751064
1454, 0.09939223377155841
1455, 0.09934752149079584
1456, 0.0993028498520582
1457, 0.09925821877483666
1458, 0.09921362817887307
1459, 0.09916907798415947
1460, 0.09912456811093681
1461, 0.09908009847969385
1462, 0.09903566901116666
1463, 0.09899127962633751
1464, 0.09894693024643375
1465, 0.09890262079292726
1466, 0.09885835118753304
1467, 0.09881412135220885
1468, 0.09876993120915395
1469, 0.09872578068080838
1470, 0.09868166968985184
1471, 0.09863759815920296
1472, 0.0985935660120185
1473, 0.09854957317169205
1474, 0.09850561956185368
1475, 0.09846170510636877
1476, 0.09841782972933699
1477, 0.09837399335509187
1478, 0.09833019590819948
1479, 0.09828643731345782
1480, 0.09824271749589583
1481, 0.09819903638077246
1482, 0.09815539389357636
1483, 0.09811178996002423
1484, 0.09806822450606037
1485, 0.09802469745785594
1486, 0.09798120874180802
1487, 0.09793775828453853
1488, 0.09789434601289394
1489, 0.0978509718539437
1490, 0.0978076357349801
1491, 0.09776433758351724
1492, 0.09772107732728984
1493, 0.09767785489425294
1494, 0.09763467021258063
1495, 0.09759152321066585
1496, 0.09754841381711889
1497, 0.09750534196076688
1498, 0.09746230757065343
1499, 0.09741931057603687
1500, 0.09737635090639031
1501, 0.09733342849140059
1502, 0.09729054326096719
1503, 0.09724769514520192
1504, 0.09720488407442773
1505, 0.09716210997917839
1506, 0.09711937279019713
1507, 0.09707667243843648
1508, 0.0970340088550571
1509, 0.0969913819714269
1510, 0.09694879171912088
1511, 0.09690623802991975
1512, 0.09686372083580938
1513, 0.09682124006898034
1514, 0.09677879566182673
1515, 0.09673638754694557
1516, 0.09669401565713602
1517, 0.09665167992539903
1518, 0.09660938028493596
1519, 0.09656711666914822
1520, 0.09652488901163683
1521, 0.09648269724620079
1522, 0.09644054130683731
1523, 0.09639842112774062
1524, 0.09635633664330122
1525, 0.0963142877881053
1526, 0.09627227449693421
1527, 0.09623029670476314
1528, 0.09618835434676123
1529, 0.09614644735829028
1530, 0.09610457567490398
1531, 0.09606273923234782
1532, 0.09602093796655778
1533, 0.0959791718136599
1534, 0.09593744070996987
1535, 0.09589574459199154
1536, 0.09585408339641706
1537, 0.09581245706012588
1538, 0.09577086552018399
1539, 0.09572930871384316
1540, 0.0956877865785409
1541, 0.09564629905189878
1542, 0.09560484607172268
1543, 0.09556342757600153
1544, 0.09552204350290704
1545, 0.0954806937907926
1546, 0.09543937837819327
1547, 0.09539809720382433
1548, 0.09535685020658138
1549, 0.09531563732553927
1550, 0.09527445849995135
1551, 0.09523331366924917
1552, 0.09519220277304168
1553, 0.0951511257511147
1554, 0.09511008254342984
1555, 0.09506907309012459
1556, 0.09502809733151114
1557, 0.0949871552080759
1558, 0.09494624666047888
1559, 0.09490537162955315
1560, 0.09486453005630399
1561, 0.09482372188190881
1562, 0.09478294704771562
1563, 0.09474220549524337
1564, 0.09470149716618084
1565, 0.09466082200238596
1566, 0.09462017994588551
1567, 0.09457957093887422
1568, 0.09453899492371445
1569, 0.09449845184293547
1570, 0.09445794163923274
1571, 0.09441746425546749
1572, 0.09437701963466599
1573, 0.09433660772001926
1574, 0.09429622845488192
1575, 0.09425588178277218
1576, 0.09421556764737099
1577, 0.09417528599252158
1578, 0.09413503676222858
1579, 0.09409481990065771
1580, 0.09405463535213529
1581, 0.09401448306114765
1582, 0.09397436297234014
1583, 0.09393427503051685
1584, 0.09389421918064066
1585, 0.0938541953678313
1586, 0.09381420353736618
1587, 0.09377424363467887
1588, 0.09373431560535922
1589, 0.09369441939515229
1590, 0.09365455494995806
1591, 0.09361472221583092
1592, 0.09357492113897871
1593, 0.093535151665763
1594, 0.09349541374269779
1595, 0.09345570731644923
1596, 0.09341603233383497
1597, 0.09337638874182405
1598, 0.09333677648753588
1599, 0.09329719551823992
1600, 0.09325764578135494
1601, 0.09321812722444905
1602, 0.09317863979523847
1603, 0.09313918344158738
1604, 0.09309975811150747
1605, 0.09306036375315747
1606, 0.09302100031484214
1607, 0.09298166774501215
1608, 0.09294236599226371
1609, 0.09290309500533758
1610, 0.0928638547331192
1611, 0.09282464512463745
1612, 0.09278546612906474
1613, 0.09274631769571619
1614, 0.09270719977404933
1615, 0.09266811231366343
1616, 0.09262905526429907
1617, 0.09259002857583763
1618, 0.09255103219830094
1619, 0.09251206608185042
1620, 0.09247313017678715
1621, 0.0924342244335509
1622, 0.09239534880271977
1623, 0.09235650323500981
1624, 0.09231768768127468
1625, 0.09227890209250458
1626, 0.09224014641982649
1627, 0.09220142061450326
1628, 0.09216272462793326
1629, 0.09212405841164992
1630, 0.09208542191732119
1631, 0.09204681509674922
1632, 0.09200823790186963
1633, 0.09196969028475133
1634, 0.091931172197596
1635, 0.09189268359273742
1636, 0.09185422442264146
1637, 0.09181579463990477
1638, 0.09177739419725536
1639, 0.09173902304755165
1640, 0.09170068114378187
1641, 0.09166236843906364
1642, 0.09162408488664403
1643, 0.09158583043989842
1644, 0.09154760505233055
1645, 0.09150940867757186
1646, 0.09147124126938112
1647, 0.09143310278164399
1648, 0.09139499316837238
1649, 0.09135691238370441
1650, 0.09131886038190364
1651, 0.09128083711735878
1652, 0.09124284254458324
1653, 0.09120487661821469
1654, 0.09116693929301461
1655, 0.091129030523868
1656, 0.09109115026578271
1657, 0.09105329847388913
1658, 0.09101547510344005
1659, 0.09097768010980972
1660, 0.0909399134484938
1661, 0.09090217507510878
1662, 0.09086446494539176
1663, 0.09082678301519975
1664, 0.09078912924050962
1665, 0.09075150357741704
1666, 0.09071390598213712
1667, 0.09067633641100303
1668, 0.09063879482046605
1669, 0.09060128116709497
1670, 0.09056379540757593
1671, 0.09052633749871186
1672, 0.09048890739742209
1673, 0.09045150506074207
1674, 0.09041413044582258
1675, 0.09037678350993003
1676, 0.0903394642104455
1677, 0.09030217250486434
1678, 0.09026490835079627
1679, 0.0902276717059644
1680, 0.09019046252820538
1681, 0.09015328077546847
1682, 0.09011612640581584
1683, 0.09007899937742136
1684, 0.09004189964857105
1685, 0.09000482717766191
1686, 0.08996778192320212
1687, 0.08993076384381074
1688, 0.08989377289821655
1689, 0.0898568090452587
1690, 0.08981987224388552
1691, 0.08978296245315452
1692, 0.08974607963223205
1693, 0.08970922374039283
1694, 0.08967239473701957
1695, 0.08963559258160275
1696, 0.08959881723373994
1697, 0.08956206865313573
1698, 0.08952534679960142
1699, 0.08948865163305428
1700, 0.08945198311351785
1701, 0.08941534120112049
1702, 0.08937872585609624
1703, 0.08934213703878403
1704, 0.08930557470962674
1705, 0.08926903882917159
1706, 0.08923252935806951
1707, 0.08919604625707489
1708, 0.08915958948704515
1709, 0.0891231590089402
1710, 0.0890867547838225
1711, 0.08905037677285645
1712, 0.08901402493730812
1713, 0.08897769923854498
1714, 0.08894139963803524
1715, 0.08890512609734813
1716, 0.08886887857815269
1717, 0.08883265704221842
1718, 0.0887964614514142
1719, 0.08876029176770822
1720, 0.08872414795316758
1721, 0.08868802996995828
1722, 0.08865193778034444
1723, 0.08861587134668814
1724, 0.08857983063144909
1725, 0.08854381559718458
1726, 0.08850782620654848
1727, 0.08847186242229177
1728, 0.08843592420726161
1729, 0.08840001152440105
1730, 0.08836412433674914
1731, 0.08832826260744003
1732, 0.08829242629970331
1733, 0.08825661537686291
1734, 0.0882208298023377
1735, 0.0881850695396402
1736, 0.08814933455237711
1737, 0.08811362480424845
1738, 0.08807794025904742
1739, 0.08804228088066032
1740, 0.088006646633066
1741, 0.08797103748033547
1742, 0.08793545338663157
1743, 0.08789989431620918
1744, 0.08786436023341428
1745, 0.08782885110268396
1746, 0.08779336688854619
1747, 0.08775790755561938
1748, 0.08772247306861178
1749, 0.08768706339232198
1750, 0.08765167849163792
1751, 0.08761631833153674
1752, 0.08758098287708468
1753, 0.08754567209343665
1754, 0.08751038594583599
1755, 0.08747512439961388
1756, 0.08743988742018972
1757, 0.08740467497307022
1758, 0.08736948702384921
1759, 0.08733432353820776
1760, 0.0872991844819133
1761, 0.08726406982081987
1762, 0.08722897952086756
1763, 0.08719391354808209
1764, 0.08715887186857493
1765, 0.08712385444854281
1766, 0.08708886125426724
1767, 0.08705389225211455
1768, 0.08701894740853548
1769, 0.08698402669006494
1770, 0.08694913006332156
1771, 0.0869142574950078
1772, 0.0868794089519091
1773, 0.08684458440089429
1774, 0.08680978380891478
1775, 0.08677500714300451
1776, 0.08674025437027964
1777, 0.08670552545793841
1778, 0.08667082037326056
1779, 0.0866361390836076
1780, 0.08660148155642163
1781, 0.08656684775922628
1782, 0.08653223765962542
1783, 0.0864976512253035
1784, 0.08646308842402475
1785, 0.08642854922363388
1786, 0.08639403359205447
1787, 0.08635954149728997
1788, 0.08632507290742272
1789, 0.08629062779061385
1790, 0.08625620611510298
1791, 0.08622180784920833
1792, 0.0861874329613259
1793, 0.08615308141992956
1794, 0.0861187531935708
1795, 0.08608444825087841
1796, 0.08605016656055818
1797, 0.08601590809139255
1798, 0.085981672812241
1799, 0.08594746069203864
1800, 0.08591327169979723
1801, 0.08587910580460403
1802, 0.08584496297562191
1803, 0.08581084318208923
1804, 0.08577674639331928
1805, 0.08574267257869995
1806, 0.08570862170769428
1807, 0.08567459374983928
1808, 0.0856405886747463
1809, 0.08560660645210018
1810, 0.08557264705165993
1811, 0.08553871044325755
1812, 0.08550479659679838
1813, 0.08547090548226088
1814, 0.08543703706969583
1815, 0.0854031913292267
1816, 0.08536936823104914
1817, 0.08533556774543079
1818, 0.08530178984271125
1819, 0.08526803449330139
1820, 0.08523430166768353
1821, 0.08520059133641097
1822, 0.08516690347010814
1823, 0.08513323803946973
1824, 0.08509959501526118
1825, 0.08506597436831785
1826, 0.08503237606954518
1827, 0.08499880008991836
1828, 0.08496524640048198
1829, 0.08493171497234991
1830, 0.08489820577670532
1831, 0.08486471878480002
1832, 0.08483125396795452
1833, 0.08479781129755753
1834, 0.08476439074506639
1835, 0.08473099228200603
1836, 0.08469761587996935
1837, 0.08466426151061668
1838, 0.08463092914567553
1839, 0.08459761875694094
1840, 0.08456433031627449
1841, 0.08453106379560454
1842, 0.08449781916692602
1843, 0.08446459640230014
1844, 0.08443139547385395
1845, 0.08439821635378056
1846, 0.08436505901433858
1847, 0.08433192342785215
1848, 0.08429880956671057
1849, 0.08426571740336823
1850, 0.08423264691034421
1851, 0.08419959806022237
1852, 0.08416657082565066
1853, 0.08413356517934162
1854, 0.0841005810940716
1855, 0.08406761854268063
1856, 0.08403467749807267
1857, 0.08400175793321443
1858, 0.08396885982113671
1859, 0.08393598313493258
1860, 0.08390312784775815
1861, 0.08387029393283207
1862, 0.08383748136343563
1863, 0.08380469011291208
1864, 0.08377192015466667
1865, 0.08373917146216653
1866, 0.08370644400894045
1867, 0.08367373776857874
1868, 0.08364105271473254
1869, 0.08360838882111446
1870, 0.08357574606149787
1871, 0.08354312440971653
1872, 0.08351052383966516
1873, 0.0834779443252982
1874, 0.08344538584063066
1875, 0.083412848359737
1876, 0.08338033185675198
1877, 0.08334783630586928
1878, 0.08331536168134218
1879, 0.0832829079574834
1880, 0.0832504751086641
1881, 0.08321806310931462
1882, 0.08318567193392377
1883, 0.08315330155703878
1884, 0.0831209519532651
1885, 0.0830886230972663
1886, 0.08305631496376398
1887, 0.08302402752753699
1888, 0.08299176076342213
1889, 0.08295951464631332
1890, 0.08292728915116165
1891, 0.0828950842529754
1892, 0.08286289992681942
1893, 0.08283073614781533
1894, 0.0827985928911411
1895, 0.08276647013203106
1896, 0.08273436784577562
1897, 0.08270228600772106
1898, 0.08267022459326956
1899, 0.08263818357787882
1900, 0.08260616293706197
1901, 0.08257416264638733
1902, 0.08254218268147812
1903, 0.08251022301801292
1904, 0.08247828363172466
1905, 0.08244636449840101
1906, 0.08241446559388399
1907, 0.08238258689406983
1908, 0.08235072837490878
1909, 0.08231889001240492
1910, 0.08228707178261645
1911, 0.08225527366165465
1912, 0.08222349562568451
1913, 0.08219173765092401
1914, 0.08215999971364436
1915, 0.08212828179016977
1916, 0.08209658385687686
1917, 0.08206490589019522
1918, 0.08203324786660662
1919, 0.08200160976264509
1920, 0.08196999155489683
1921, 0.08193839321999996
1922, 0.08190681473464441
1923, 0.08187525607557168
1924, 0.0818437172195748
1925, 0.08181219814349802
1926, 0.08178069882423675
1927, 0.08174921923873743
1928, 0.08171775936399736
1929, 0.0816863191770644
1930, 0.08165489865503711
1931, 0.08162349777506432
1932, 0.08159211651434511
1933, 0.0815607548501285
1934, 0.08152941275971355
1935, 0.08149809022044904
1936, 0.08146678720973358
1937, 0.08143550370501476
1938, 0.08140423968378979
1939, 0.08137299512360516
1940, 0.08134177000205604
1941, 0.0813105642967868
1942, 0.08127937798549001
1943, 0.08124821104590749
1944, 0.0812170634558288
1945, 0.0811859351930923
1946, 0.08115482623558415
1947, 0.08112373656123863
1948, 0.08109266614803773
1949, 0.08106161497401138
1950, 0.0810305830172366
1951, 0.08099957025583832
1952, 0.08096857666798835
1953, 0.08093760223190576
1954, 0.08090664692585661
1955, 0.08087571072815364
1956, 0.0808447936171565
1957, 0.08081389557127111
1958, 0.08078301656895018
1959, 0.0807521565886922
1960, 0.08072131560904226
1961, 0.08069049360859104
1962, 0.0806596905659753
1963, 0.08062890645987741
1964, 0.08059814126902543
1965, 0.08056739497219267
1966, 0.0805366675481978
1967, 0.08050595897590496
1968, 0.08047526923422257
1969, 0.08044459830210486
1970, 0.08041394615855009
1971, 0.08038331278260154
1972, 0.0803526981533469
1973, 0.08032210224991802
1974, 0.08029152505149119
1975, 0.08026096653728682
1976, 0.08023042668656903
1977, 0.080199905478646
1978, 0.08016940289286952
1979, 0.08013891890863489
1980, 0.08010845350538093
1981, 0.08007800666258966
1982, 0.08004757835978649
1983, 0.0800171685765397
1984, 0.07998677729246038
1985, 0.07995640448720265
1986, 0.07992605014046315
1987, 0.07989571423198129
1988, 0.07986539674153838
1989, 0.07983509764895858
1990, 0.07980481693410778
1991, 0.07977455457689422
1992, 0.07974431055726776
1993, 0.07971408485522036
1994, 0.07968387745078524
1995, 0.0796536883240376
1996, 0.07962351745509368
1997, 0.07959336482411127
1998, 0.07956323041128913
1999, 0.07953311419686715
2000, 0.07950301616112611